Transaction ID,Date,Customer ID,Gender,Age,Product Category,Quantity,Price per Unit,Total Amount,Season
001,2023-11-24,C-001,Male,34,Beauty,3,50,150,Fall
002,2023-02-27,C-002,Female,26,Clothing,2,500,1000,Winter
003,2023-01-13,C-003,Male,50,Electronics,1,30,30,Winter
004,2023-05-21,C-004,Male,37,Clothing,1,500,500,Spring
005,2023-05-06,C-005,Male,30,Beauty,2,50,100,Spring
006,2023-04-25,C-006,Female,45,Beauty,1,30,30,Spring
007,2023-03-13,C-007,Male,46,Clothing,2,25,50,Spring
008,2023-02-22,C-008,Male,30,Electronics,4,25,100,Winter
009,2023-12-13,C-009,Male,63,Electronics,2,300,600,Winter
010,2023-10-07,C-010,Female,52,Clothing,4,50,200,Fall
011,2023-02-14,C-011,Male,23,Clothing,2,50,100,Winter
012,2023-10-30,C-012,Male,35,Beauty,3,25,75,Fall
013,2023-08-05,C-013,Male,22,Electronics,3,500,1500,Summer
014,2023-01-17,C-014,Male,64,Clothing,4,30,120,Winter
015,2023-01-16,C-015,Female,42,Electronics,4,500,2000,Winter
016,2023-02-17,C-016,Male,19,Clothing,3,500,1500,Winter
017,2023-04-22,C-017,Female,27,Clothing,4,25,100,Spring
018,2023-04-30,C-018,Female,47,Electronics,2,25,50,Spring
019,2023-09-16,C-019,Female,62,Clothing,2,25,50,Fall
020,2023-11-05,C-020,Male,22,Clothing,3,300,900,Fall
021,2023-01-14,C-021,Female,50,Beauty,1,500,500,Winter
022,2023-10-15,C-022,Male,18,Clothing,2,50,100,Fall
023,2023-04-12,C-023,Female,35,Clothing,4,30,120,Spring
024,2023-11-29,C-024,Female,49,Clothing,1,300,300,Fall
025,2023-12-26,C-025,Female,64,Beauty,1,50,50,Winter
026,2023-10-07,C-026,Female,28,Electronics,2,500,1000,Fall
027,2023-08-03,C-027,Female,38,Beauty,2,25,50,Summer
028,2023-04-23,C-028,Female,43,Beauty,1,500,500,Spring
029,2023-08-18,C-029,Female,42,Electronics,1,30,30,Summer
030,2023-10-29,C-030,Female,39,Beauty,3,300,900,Fall
031,2023-05-23,C-031,Male,44,Electronics,4,300,1200,Spring
032,2023-01-04,C-032,Male,30,Beauty,3,30,90,Winter
033,2023-03-23,C-033,Female,50,Electronics,2,50,100,Spring
034,2023-12-24,C-034,Female,51,Clothing,3,50,150,Winter
035,2023-08-05,C-035,Female,58,Beauty,3,300,900,Summer
036,2023-06-24,C-036,Male,52,Beauty,3,300,900,Summer
037,2023-05-23,C-037,Female,18,Beauty,3,25,75,Spring
038,2023-03-21,C-038,Male,38,Beauty,4,50,200,Spring
039,2023-04-21,C-039,Male,23,Clothing,4,30,120,Spring
040,2023-06-22,C-040,Male,45,Beauty,1,50,50,Summer
041,2023-02-22,C-041,Male,34,Clothing,2,25,50,Winter
042,2023-02-17,C-042,Male,22,Clothing,3,300,900,Winter
043,2023-07-14,C-043,Female,48,Clothing,1,300,300,Summer
044,2023-02-19,C-044,Female,22,Clothing,1,25,25,Winter
045,2023-07-03,C-045,Female,55,Electronics,1,30,30,Summer
046,2023-06-26,C-046,Female,20,Electronics,4,300,1200,Summer
047,2023-11-06,C-047,Female,40,Beauty,3,500,1500,Fall
048,2023-05-16,C-048,Male,54,Electronics,3,300,900,Spring
049,2023-01-23,C-049,Female,54,Electronics,2,500,1000,Winter
050,2023-08-24,C-050,Female,27,Beauty,3,25,75,Summer
051,2023-10-02,C-051,Male,27,Beauty,3,25,75,Fall
052,2023-03-05,C-052,Female,36,Beauty,1,300,300,Spring
053,2023-07-13,C-053,Male,34,Electronics,2,50,100,Summer
054,2023-02-10,C-054,Female,38,Electronics,3,500,1500,Winter
055,2023-10-10,C-055,Male,31,Beauty,4,30,120,Fall
056,2023-05-31,C-056,Female,26,Clothing,3,300,900,Spring
057,2023-11-18,C-057,Female,63,Beauty,1,30,30,Fall
058,2023-11-13,C-058,Male,18,Clothing,4,300,1200,Fall
059,2023-07-05,C-059,Male,62,Clothing,1,50,50,Summer
060,2023-10-23,C-060,Male,30,Beauty,3,50,150,Fall
061,2023-04-09,C-061,Male,21,Beauty,4,50,200,Spring
062,2023-12-27,C-062,Male,18,Beauty,2,50,100,Winter
063,2023-02-05,C-063,Male,57,Electronics,2,25,50,Winter
064,2023-01-24,C-064,Male,49,Clothing,4,25,100,Winter
065,2023-12-05,C-065,Male,51,Electronics,4,500,2000,Winter
066,2023-04-27,C-066,Female,45,Electronics,1,30,30,Spring
067,2023-05-29,C-067,Female,48,Beauty,4,300,1200,Spring
068,2023-02-10,C-068,Male,25,Electronics,1,300,300,Winter
069,2023-04-30,C-069,Female,56,Beauty,3,25,75,Spring
070,2023-02-21,C-070,Female,43,Clothing,1,300,300,Winter
071,2023-07-14,C-071,Female,51,Beauty,4,25,100,Summer
072,2023-05-23,C-072,Female,20,Electronics,4,500,2000,Spring
073,2023-08-21,C-073,Male,29,Electronics,3,30,90,Summer
074,2023-11-22,C-074,Female,18,Beauty,4,500,2000,Fall
075,2023-07-06,C-075,Male,61,Beauty,4,50,200,Summer
076,2023-03-25,C-076,Female,22,Electronics,2,50,100,Spring
077,2023-07-09,C-077,Female,47,Clothing,2,50,100,Summer
078,2023-07-01,C-078,Female,47,Clothing,3,500,1500,Summer
079,2023-04-18,C-079,Male,34,Beauty,1,300,300,Spring
080,2023-12-10,C-080,Female,64,Clothing,2,30,60,Winter
081,2023-05-17,C-081,Male,40,Electronics,1,50,50,Spring
082,2023-12-26,C-082,Female,32,Beauty,4,50,200,Winter
083,2023-12-16,C-083,Male,54,Electronics,2,50,100,Winter
084,2023-11-28,C-084,Female,38,Electronics,3,30,90,Fall
085,2023-02-06,C-085,Male,31,Clothing,3,50,150,Winter
086,2023-11-08,C-086,Male,19,Beauty,3,30,90,Fall
087,2023-11-22,C-087,Female,28,Beauty,2,50,100,Fall
088,2023-03-29,C-088,Male,56,Clothing,1,500,500,Spring
089,2023-10-01,C-089,Female,55,Electronics,4,500,2000,Fall
090,2023-05-06,C-090,Female,51,Electronics,1,30,30,Spring
091,2023-03-25,C-091,Female,55,Electronics,1,500,500,Spring
092,2023-08-25,C-092,Female,51,Electronics,4,30,120,Summer
093,2023-07-14,C-093,Female,35,Beauty,4,500,2000,Summer
094,2023-05-19,C-094,Female,47,Beauty,2,500,1000,Spring
095,2023-11-24,C-095,Female,32,Clothing,2,30,60,Fall
096,2023-12-19,C-096,Female,44,Clothing,2,300,600,Winter
097,2023-10-13,C-097,Female,51,Beauty,2,500,1000,Fall
098,2023-04-23,C-098,Female,55,Beauty,2,50,100,Spring
099,2023-12-17,C-099,Female,50,Electronics,4,300,1200,Winter
100,2023-06-16,C-100,Male,41,Electronics,1,30,30,Summer
101,2023-01-29,C-101,Male,32,Clothing,2,300,600,Winter
102,2023-04-28,C-102,Female,47,Beauty,2,25,50,Spring
103,2023-01-17,C-103,Female,59,Clothing,1,25,25,Winter
104,2023-06-11,C-104,Female,34,Beauty,2,500,1000,Summer
105,2023-07-25,C-105,Female,22,Electronics,1,500,500,Summer
106,2023-05-18,C-106,Female,46,Clothing,1,50,50,Spring
107,2023-02-03,C-107,Female,21,Clothing,4,300,1200,Winter
108,2023-04-19,C-108,Female,27,Beauty,3,25,75,Spring
109,2023-10-18,C-109,Female,34,Electronics,4,500,2000,Fall
110,2023-06-11,C-110,Male,27,Clothing,3,300,900,Summer
111,2023-04-19,C-111,Female,34,Electronics,3,500,1500,Spring
112,2023-12-02,C-112,Male,37,Clothing,3,500,1500,Winter
113,2023-09-13,C-113,Female,41,Electronics,2,25,50,Fall
114,2023-07-22,C-114,Female,22,Beauty,4,25,100,Summer
115,2023-11-26,C-115,Male,51,Clothing,3,500,1500,Fall
116,2023-08-23,C-116,Female,23,Clothing,1,30,30,Summer
117,2023-03-15,C-117,Male,19,Electronics,2,500,1000,Spring
118,2023-05-16,C-118,Female,30,Electronics,4,500,2000,Spring
119,2023-03-13,C-119,Female,60,Clothing,3,50,150,Spring
120,2023-05-07,C-120,Male,60,Beauty,1,50,50,Spring
121,2023-10-15,C-121,Female,28,Electronics,4,50,200,Fall
122,2023-10-03,C-122,Male,64,Electronics,4,30,120,Fall
123,2023-05-15,C-123,Female,40,Electronics,2,30,60,Spring
124,2023-10-27,C-124,Male,33,Clothing,4,500,2000,Fall
125,2023-08-08,C-125,Male,48,Clothing,2,50,100,Summer
126,2023-10-26,C-126,Female,28,Clothing,3,30,90,Fall
127,2023-07-24,C-127,Female,33,Clothing,2,25,50,Summer
128,2023-07-05,C-128,Male,25,Beauty,1,500,500,Summer
129,2023-04-23,C-129,Female,21,Beauty,2,300,600,Spring
130,2023-03-12,C-130,Female,57,Clothing,1,500,500,Spring
131,2023-09-18,C-131,Female,21,Beauty,2,300,600,Fall
132,2023-09-10,C-132,Male,42,Electronics,4,50,200,Fall
133,2023-02-16,C-133,Male,20,Electronics,3,300,900,Winter
134,2023-01-25,C-134,Male,49,Electronics,1,50,50,Winter
135,2023-02-26,C-135,Male,20,Clothing,2,25,50,Winter
136,2023-03-20,C-136,Male,44,Electronics,2,300,600,Spring
137,2023-11-18,C-137,Male,46,Beauty,2,500,1000,Fall
138,2023-03-23,C-138,Male,49,Clothing,4,50,200,Spring
139,2023-12-15,C-139,Male,36,Beauty,4,500,2000,Winter
140,2023-08-05,C-140,Male,38,Electronics,1,30,30,Summer
141,2023-11-02,C-141,Female,22,Electronics,1,50,50,Fall
142,2023-02-02,C-142,Male,35,Electronics,4,300,1200,Winter
143,2023-07-17,C-143,Female,45,Clothing,1,50,50,Summer
144,2023-07-15,C-144,Female,59,Beauty,3,500,1500,Summer
145,2023-11-02,C-145,Female,39,Clothing,3,25,75,Fall
146,2023-08-28,C-146,Male,38,Clothing,4,50,200,Summer
147,2023-09-28,C-147,Male,23,Electronics,1,300,300,Fall
148,2023-05-09,C-148,Male,18,Clothing,2,30,60,Spring
149,2023-10-11,C-149,Male,22,Clothing,3,25,75,Fall
150,2023-01-06,C-150,Female,58,Electronics,4,30,120,Winter
151,2023-12-15,C-151,Male,29,Clothing,1,50,50,Winter
152,2023-02-28,C-152,Male,43,Electronics,4,500,2000,Winter
153,2023-12-16,C-153,Male,63,Electronics,2,500,1000,Winter
154,2023-10-02,C-154,Male,51,Electronics,3,300,900,Fall
155,2023-05-17,C-155,Male,31,Electronics,4,500,2000,Spring
156,2023-11-25,C-156,Female,43,Clothing,4,25,100,Fall
157,2023-06-24,C-157,Male,62,Electronics,4,500,2000,Summer
158,2023-02-27,C-158,Female,44,Electronics,2,300,600,Winter
159,2023-05-31,C-159,Male,26,Clothing,4,50,200,Spring
160,2023-08-11,C-160,Female,43,Clothing,2,50,100,Summer
161,2023-03-22,C-161,Male,64,Beauty,2,500,1000,Spring
162,2023-08-21,C-162,Male,39,Clothing,2,30,60,Summer
163,2023-01-02,C-163,Female,64,Clothing,3,50,150,Winter
164,2023-05-15,C-164,Female,47,Beauty,3,500,1500,Spring
165,2023-09-14,C-165,Female,60,Clothing,4,300,1200,Fall
166,2023-04-02,C-166,Male,34,Clothing,4,500,2000,Spring
167,2023-09-17,C-167,Female,43,Clothing,3,50,150,Fall
168,2023-02-24,C-168,Male,53,Clothing,1,300,300,Winter
169,2023-11-17,C-169,Male,18,Beauty,3,500,1500,Fall
170,2023-06-02,C-170,Female,25,Clothing,2,25,50,Summer
171,2023-11-24,C-171,Female,52,Clothing,3,300,900,Fall
172,2023-09-17,C-172,Male,32,Beauty,2,25,50,Fall
173,2023-11-08,C-173,Male,64,Electronics,4,30,120,Fall
174,2023-04-12,C-174,Female,39,Beauty,1,300,300,Spring
175,2023-03-20,C-175,Female,31,Electronics,4,25,100,Spring
176,2023-07-11,C-176,Female,43,Beauty,2,50,100,Summer
177,2023-03-24,C-177,Male,45,Beauty,2,50,100,Spring
178,2023-10-04,C-178,Male,40,Clothing,2,30,60,Fall
179,2023-09-29,C-179,Male,31,Electronics,1,300,300,Fall
180,2023-01-01,C-180,Male,41,Clothing,3,300,900,Winter
181,2023-11-03,C-181,Male,19,Electronics,4,300,1200,Fall
182,2023-06-15,C-182,Male,62,Beauty,4,30,120,Summer
183,2023-09-08,C-183,Female,43,Beauty,3,300,900,Fall
184,2023-01-10,C-184,Male,31,Electronics,4,50,200,Winter
185,2023-02-27,C-185,Male,24,Clothing,1,25,25,Winter
186,2023-07-05,C-186,Male,20,Clothing,4,50,200,Summer
187,2023-06-07,C-187,Female,64,Clothing,2,50,100,Summer
188,2023-05-03,C-188,Male,40,Clothing,3,25,75,Spring
189,2023-01-30,C-189,Male,63,Beauty,1,50,50,Winter
190,2023-05-04,C-190,Female,60,Beauty,3,30,90,Spring
191,2023-10-18,C-191,Male,64,Beauty,1,25,25,Fall
192,2023-02-10,C-192,Male,62,Beauty,2,50,100,Winter
193,2023-02-13,C-193,Male,35,Beauty,3,500,1500,Winter
194,2023-09-06,C-194,Male,55,Clothing,4,50,200,Fall
195,2023-02-05,C-195,Male,52,Clothing,1,30,30,Winter
196,2023-09-30,C-196,Female,32,Clothing,3,300,900,Fall
197,2023-03-06,C-197,Female,42,Clothing,4,50,200,Spring
198,2023-03-07,C-198,Female,54,Beauty,3,300,900,Spring
199,2023-12-04,C-199,Male,45,Beauty,3,500,1500,Winter
200,2023-09-01,C-200,Male,27,Beauty,3,50,150,Fall
201,2023-10-09,C-201,Male,56,Electronics,1,25,25,Fall
202,2023-03-26,C-202,Female,34,Clothing,4,300,1200,Spring
203,2023-05-16,C-203,Male,56,Clothing,2,500,1000,Spring
204,2023-09-28,C-204,Male,39,Beauty,1,25,25,Fall
205,2023-11-07,C-205,Female,43,Clothing,1,25,25,Fall
206,2023-08-05,C-206,Male,61,Clothing,1,25,25,Summer
207,2023-04-19,C-207,Female,42,Beauty,2,25,50,Spring
208,2023-10-04,C-208,Female,34,Electronics,4,50,200,Fall
209,2023-12-20,C-209,Female,30,Electronics,4,50,200,Winter
210,2023-04-13,C-210,Male,37,Electronics,4,50,200,Spring
211,2024-01-01,C-211,Male,42,Beauty,3,500,1500,Winter
212,2023-06-09,C-212,Male,21,Clothing,3,500,1500,Summer
213,2023-07-24,C-213,Male,27,Beauty,3,500,1500,Summer
214,2023-12-10,C-214,Male,20,Beauty,2,30,60,Winter
215,2023-11-29,C-215,Male,58,Clothing,3,500,1500,Fall
216,2023-07-11,C-216,Male,62,Electronics,2,50,100,Summer
217,2023-08-13,C-217,Female,35,Electronics,4,50,200,Summer
218,2023-09-22,C-218,Male,64,Beauty,3,30,90,Fall
219,2023-08-20,C-219,Female,53,Electronics,3,30,90,Summer
220,2023-03-03,C-220,Male,64,Beauty,1,500,500,Spring
221,2023-05-07,C-221,Male,39,Beauty,2,300,600,Spring
222,2023-04-26,C-222,Male,51,Clothing,4,30,120,Spring
223,2023-02-02,C-223,Female,64,Clothing,1,25,25,Winter
224,2023-06-23,C-224,Female,25,Clothing,1,50,50,Summer
225,2023-01-11,C-225,Female,57,Beauty,4,25,100,Winter
226,2023-10-29,C-226,Female,61,Clothing,1,50,50,Fall
227,2023-10-11,C-227,Male,36,Electronics,2,50,100,Fall
228,2023-04-28,C-228,Female,59,Electronics,2,30,60,Spring
229,2023-10-29,C-229,Male,58,Beauty,3,30,90,Fall
230,2023-04-23,C-230,Male,54,Beauty,1,25,25,Spring
231,2023-01-04,C-231,Female,23,Clothing,3,50,150,Winter
232,2023-02-06,C-232,Female,43,Beauty,1,25,25,Winter
233,2023-12-29,C-233,Female,51,Beauty,2,300,600,Winter
234,2023-11-20,C-234,Female,62,Electronics,2,25,50,Fall
235,2023-01-31,C-235,Female,23,Electronics,2,500,1000,Winter
236,2023-04-28,C-236,Female,54,Clothing,1,25,25,Spring
237,2023-02-04,C-237,Female,50,Beauty,2,500,1000,Winter
238,2023-01-17,C-238,Female,39,Beauty,1,500,500,Winter
239,2023-06-19,C-239,Male,38,Electronics,3,500,1500,Summer
240,2023-02-06,C-240,Female,23,Beauty,1,300,300,Winter
241,2023-09-21,C-241,Female,23,Electronics,3,25,75,Fall
242,2023-05-02,C-242,Male,21,Clothing,1,25,25,Spring
243,2023-05-23,C-243,Female,47,Electronics,3,300,900,Spring
244,2023-12-09,C-244,Male,28,Beauty,2,50,100,Winter
245,2023-09-06,C-245,Male,47,Clothing,3,30,90,Fall
246,2023-04-20,C-246,Female,48,Electronics,2,25,50,Spring
247,2023-10-04,C-247,Male,41,Electronics,2,30,60,Fall
248,2023-03-09,C-248,Male,26,Clothing,3,300,900,Spring
249,2023-10-20,C-249,Male,20,Clothing,1,50,50,Fall
250,2023-10-23,C-250,Male,48,Electronics,1,50,50,Fall
251,2023-08-31,C-251,Female,57,Beauty,4,50,200,Summer
252,2023-05-05,C-252,Male,54,Electronics,1,300,300,Spring
253,2023-08-31,C-253,Female,53,Clothing,4,500,2000,Summer
254,2023-07-28,C-254,Male,41,Electronics,1,500,500,Summer
255,2023-04-08,C-255,Male,48,Clothing,1,30,30,Spring
256,2023-02-18,C-256,Male,23,Clothing,2,500,1000,Winter
257,2023-02-19,C-257,Male,19,Beauty,4,500,2000,Winter
258,2023-12-04,C-258,Female,37,Clothing,1,50,50,Winter
259,2023-08-09,C-259,Female,45,Clothing,4,50,200,Summer
260,2023-07-01,C-260,Male,28,Beauty,2,30,60,Summer
261,2023-08-05,C-261,Male,21,Clothing,2,25,50,Summer
262,2023-07-30,C-262,Female,32,Beauty,4,30,120,Summer
263,2023-08-28,C-263,Male,23,Beauty,2,30,60,Summer
264,2023-01-28,C-264,Male,47,Clothing,3,300,900,Winter
265,2023-12-11,C-265,Male,55,Clothing,3,300,900,Winter
266,2023-12-01,C-266,Female,19,Electronics,2,30,60,Winter
267,2023-11-27,C-267,Female,32,Beauty,3,30,90,Fall
268,2023-02-20,C-268,Female,28,Electronics,1,30,30,Winter
269,2023-02-01,C-269,Male,25,Clothing,4,500,2000,Winter
270,2023-07-26,C-270,Male,43,Electronics,1,300,300,Summer
271,2023-06-23,C-271,Female,62,Beauty,4,30,120,Summer
272,2023-02-25,C-272,Female,61,Electronics,2,50,100,Winter
273,2023-05-08,C-273,Female,22,Beauty,1,50,50,Spring
274,2023-04-09,C-274,Female,23,Clothing,2,500,1000,Spring
275,2023-04-08,C-275,Male,43,Clothing,2,500,1000,Spring
276,2023-10-02,C-276,Female,21,Beauty,4,25,100,Fall
277,2023-08-18,C-277,Male,36,Clothing,4,25,100,Summer
278,2023-03-13,C-278,Female,37,Clothing,4,25,100,Spring
279,2023-08-05,C-279,Male,50,Clothing,1,500,500,Summer
280,2023-04-04,C-280,Female,37,Clothing,3,500,1500,Spring
281,2023-05-23,C-281,Female,29,Beauty,4,500,2000,Spring
282,2023-08-25,C-282,Female,64,Electronics,4,50,200,Summer
283,2023-05-08,C-283,Female,18,Electronics,1,500,500,Spring
284,2023-02-08,C-284,Male,43,Clothing,4,50,200,Winter
285,2023-08-15,C-285,Female,31,Electronics,1,25,25,Summer
286,2023-10-09,C-286,Male,55,Electronics,2,25,50,Fall
287,2023-02-20,C-287,Male,54,Clothing,4,25,100,Winter
288,2023-01-26,C-288,Male,28,Clothing,4,30,120,Winter
289,2023-11-30,C-289,Male,53,Electronics,2,30,60,Fall
290,2023-10-04,C-290,Female,30,Beauty,2,300,600,Fall
291,2023-01-08,C-291,Male,60,Clothing,2,300,600,Winter
292,2023-02-17,C-292,Male,20,Beauty,4,300,1200,Winter
293,2023-05-02,C-293,Male,50,Electronics,3,30,90,Spring
294,2023-03-27,C-294,Female,23,Clothing,3,30,90,Spring
295,2023-07-28,C-295,Female,27,Beauty,3,300,900,Summer
296,2023-09-06,C-296,Female,22,Clothing,4,300,1200,Fall
297,2023-09-04,C-297,Female,40,Electronics,2,500,1000,Fall
298,2023-04-20,C-298,Male,27,Beauty,4,300,1200,Spring
299,2023-07-25,C-299,Male,61,Electronics,2,500,1000,Summer
300,2023-01-31,C-300,Female,19,Electronics,4,50,200,Winter
301,2023-03-26,C-301,Male,30,Clothing,4,30,120,Spring
302,2023-07-14,C-302,Male,57,Beauty,2,300,600,Summer
303,2023-01-02,C-303,Male,19,Electronics,3,30,90,Winter
304,2023-07-19,C-304,Female,37,Electronics,2,30,60,Summer
305,2023-05-16,C-305,Female,18,Beauty,1,30,30,Spring
306,2023-08-21,C-306,Male,54,Electronics,1,50,50,Summer
307,2023-05-27,C-307,Female,26,Electronics,2,25,50,Spring
308,2023-08-05,C-308,Female,34,Beauty,4,300,1200,Summer
309,2023-12-23,C-309,Female,26,Beauty,1,25,25,Winter
310,2023-10-12,C-310,Female,28,Beauty,1,25,25,Fall
311,2023-12-05,C-311,Female,32,Beauty,4,25,100,Winter
312,2023-09-07,C-312,Male,41,Clothing,4,30,120,Fall
313,2023-03-21,C-313,Female,55,Beauty,3,500,1500,Spring
314,2023-04-08,C-314,Male,52,Clothing,4,30,120,Spring
315,2023-06-01,C-315,Male,47,Clothing,2,30,60,Summer
316,2023-04-22,C-316,Female,48,Clothing,2,25,50,Spring
317,2023-01-30,C-317,Male,22,Electronics,3,30,90,Winter
318,2023-10-24,C-318,Male,61,Clothing,1,25,25,Fall
319,2023-10-05,C-319,Male,31,Clothing,1,500,500,Fall
320,2023-02-01,C-320,Female,28,Electronics,4,300,1200,Winter
321,2023-06-10,C-321,Female,26,Electronics,2,25,50,Summer
322,2023-01-30,C-322,Male,51,Electronics,1,500,500,Winter
323,2023-01-26,C-323,Female,29,Beauty,3,300,900,Winter
324,2023-10-27,C-324,Female,52,Electronics,3,50,150,Fall
325,2023-09-02,C-325,Female,52,Electronics,2,25,50,Fall
326,2023-09-15,C-326,Female,18,Clothing,3,25,75,Fall
327,2023-09-29,C-327,Male,57,Electronics,3,50,150,Fall
328,2023-03-22,C-328,Male,39,Beauty,2,50,100,Spring
329,2023-01-30,C-329,Female,46,Electronics,4,25,100,Winter
330,2023-09-18,C-330,Female,25,Beauty,4,50,200,Fall
331,2023-02-11,C-331,Male,28,Electronics,3,30,90,Winter
332,2023-04-06,C-332,Male,58,Electronics,4,300,1200,Spring
333,2023-02-05,C-333,Female,54,Electronics,4,300,1200,Winter
334,2023-11-01,C-334,Male,31,Electronics,3,300,900,Fall
335,2023-02-04,C-335,Female,47,Beauty,4,30,120,Winter
336,2023-12-12,C-336,Female,52,Beauty,3,50,150,Winter
337,2023-05-01,C-337,Male,38,Clothing,1,500,500,Spring
338,2023-07-26,C-338,Male,54,Beauty,2,50,100,Summer
339,2023-03-03,C-339,Female,22,Electronics,2,25,50,Spring
340,2023-10-19,C-340,Female,36,Clothing,4,300,1200,Fall
341,2023-05-07,C-341,Male,31,Clothing,4,50,200,Spring
342,2023-10-24,C-342,Female,43,Clothing,4,500,2000,Fall
343,2023-11-01,C-343,Male,21,Electronics,2,25,50,Fall
344,2023-01-21,C-344,Female,42,Beauty,1,30,30,Winter
345,2023-11-14,C-345,Male,62,Electronics,1,30,30,Fall
346,2023-02-11,C-346,Male,59,Clothing,2,500,1000,Winter
347,2023-08-03,C-347,Male,42,Electronics,1,25,25,Summer
348,2023-12-03,C-348,Female,35,Electronics,2,300,600,Winter
349,2023-10-26,C-349,Female,57,Beauty,1,50,50,Fall
350,2023-10-17,C-350,Male,25,Beauty,3,25,75,Fall
351,2023-09-25,C-351,Female,56,Clothing,3,30,90,Fall
352,2023-06-11,C-352,Male,57,Electronics,2,500,1000,Summer
353,2023-05-14,C-353,Male,31,Electronics,1,500,500,Spring
354,2023-04-15,C-354,Female,49,Beauty,4,50,200,Spring
355,2023-12-09,C-355,Female,55,Electronics,1,500,500,Winter
356,2023-06-10,C-356,Male,50,Electronics,3,500,1500,Summer
357,2023-05-03,C-357,Female,40,Electronics,3,25,75,Spring
358,2023-05-16,C-358,Female,32,Beauty,1,300,300,Spring
359,2023-07-22,C-359,Male,50,Clothing,1,50,50,Summer
360,2023-03-09,C-360,Male,42,Clothing,4,25,100,Spring
361,2023-12-10,C-361,Female,34,Electronics,4,300,1200,Winter
362,2023-11-27,C-362,Male,50,Clothing,1,25,25,Fall
363,2023-06-03,C-363,Male,64,Beauty,1,25,25,Summer
364,2023-08-23,C-364,Female,19,Beauty,1,500,500,Summer
365,2023-06-11,C-365,Male,31,Clothing,1,300,300,Summer
366,2023-02-07,C-366,Male,57,Clothing,2,50,100,Winter
367,2023-01-05,C-367,Female,57,Electronics,1,50,50,Winter
368,2023-08-23,C-368,Female,56,Clothing,4,300,1200,Summer
369,2023-11-15,C-369,Male,23,Electronics,3,500,1500,Fall
370,2023-10-16,C-370,Male,23,Electronics,2,30,60,Fall
371,2023-02-21,C-371,Female,20,Beauty,1,25,25,Winter
372,2023-02-07,C-372,Female,24,Beauty,3,500,1500,Winter
373,2023-10-03,C-373,Female,25,Beauty,2,300,600,Fall
374,2023-04-20,C-374,Female,59,Beauty,3,25,75,Spring
375,2023-09-17,C-375,Male,32,Clothing,1,50,50,Fall
376,2023-05-16,C-376,Female,64,Beauty,1,30,30,Spring
377,2023-03-09,C-377,Female,46,Clothing,4,50,200,Spring
378,2023-06-28,C-378,Male,50,Beauty,1,300,300,Summer
379,2023-02-05,C-379,Female,47,Clothing,1,25,25,Winter
380,2023-05-06,C-380,Male,56,Electronics,2,300,600,Spring
381,2023-07-09,C-381,Female,44,Clothing,4,25,100,Summer
382,2023-05-26,C-382,Female,53,Clothing,2,500,1000,Spring
383,2023-03-22,C-383,Female,46,Beauty,3,30,90,Spring
384,2023-08-13,C-384,Male,55,Clothing,1,500,500,Summer
385,2023-10-06,C-385,Male,50,Electronics,3,500,1500,Fall
386,2023-12-27,C-386,Female,54,Electronics,2,300,600,Winter
387,2023-06-04,C-387,Male,44,Beauty,1,30,30,Summer
388,2023-11-10,C-388,Male,50,Electronics,1,25,25,Fall
389,2023-12-01,C-389,Male,21,Clothing,2,25,50,Winter
390,2023-09-28,C-390,Male,39,Electronics,2,50,100,Fall
391,2023-01-05,C-391,Male,19,Beauty,2,25,50,Winter
392,2023-12-08,C-392,Male,27,Clothing,2,300,600,Winter
393,2023-10-11,C-393,Female,22,Beauty,2,500,1000,Fall
394,2023-06-03,C-394,Female,27,Clothing,1,500,500,Summer
395,2023-12-06,C-395,Male,50,Electronics,2,500,1000,Winter
396,2023-02-23,C-396,Female,55,Beauty,1,30,30,Winter
397,2023-03-10,C-397,Female,30,Beauty,1,25,25,Spring
398,2023-05-16,C-398,Female,48,Clothing,2,300,600,Spring
399,2023-03-01,C-399,Female,64,Beauty,2,30,60,Spring
400,2023-02-24,C-400,Male,53,Clothing,4,50,200,Winter
401,2023-10-11,C-401,Female,62,Clothing,1,300,300,Fall
402,2023-03-21,C-402,Female,41,Clothing,2,300,600,Spring
403,2023-05-20,C-403,Male,32,Clothing,2,300,600,Spring
404,2023-05-25,C-404,Male,46,Electronics,2,500,1000,Spring
405,2023-11-06,C-405,Female,25,Clothing,4,300,1200,Fall
406,2023-04-18,C-406,Female,22,Beauty,4,25,100,Spring
407,2023-06-25,C-407,Female,46,Electronics,3,300,900,Summer
408,2023-04-15,C-408,Female,64,Beauty,1,500,500,Spring
409,2023-12-18,C-409,Female,21,Electronics,3,300,900,Winter
410,2023-11-21,C-410,Female,29,Clothing,2,50,100,Fall
411,2023-05-16,C-411,Male,62,Electronics,4,50,200,Spring
412,2023-09-16,C-412,Female,19,Electronics,4,500,2000,Fall
413,2023-09-08,C-413,Female,44,Beauty,3,25,75,Fall
414,2023-05-09,C-414,Male,48,Beauty,4,25,100,Spring
415,2023-01-27,C-415,Male,53,Clothing,2,30,60,Winter
416,2023-02-17,C-416,Male,53,Electronics,4,500,2000,Winter
417,2023-11-21,C-417,Male,43,Electronics,3,300,900,Fall
418,2023-08-05,C-418,Female,60,Electronics,2,500,1000,Summer
419,2023-05-22,C-419,Female,44,Clothing,3,30,90,Spring
420,2023-01-23,C-420,Female,22,Clothing,4,500,2000,Winter
421,2023-01-02,C-421,Female,37,Clothing,3,500,1500,Winter
422,2023-06-20,C-422,Female,28,Clothing,3,30,90,Summer
423,2023-03-08,C-423,Female,27,Clothing,1,25,25,Spring
424,2023-11-23,C-424,Male,57,Beauty,4,300,1200,Fall
425,2023-05-15,C-425,Female,55,Electronics,4,30,120,Spring
426,2023-03-24,C-426,Male,23,Electronics,3,50,150,Spring
427,2023-08-15,C-427,Male,25,Electronics,1,25,25,Summer
428,2023-10-10,C-428,Female,40,Electronics,4,50,200,Fall
429,2023-12-28,C-429,Male,64,Electronics,2,25,50,Winter
430,2023-08-07,C-430,Female,43,Electronics,3,300,900,Summer
431,2023-10-15,C-431,Male,63,Electronics,4,300,1200,Fall
432,2023-01-05,C-432,Female,60,Electronics,2,500,1000,Winter
433,2023-02-27,C-433,Male,29,Beauty,4,50,200,Winter
434,2023-02-08,C-434,Female,43,Electronics,2,25,50,Winter
435,2023-12-20,C-435,Female,30,Beauty,3,300,900,Winter
436,2023-03-18,C-436,Female,57,Clothing,4,30,120,Spring
437,2023-10-07,C-437,Female,35,Electronics,4,300,1200,Fall
438,2023-01-19,C-438,Female,42,Clothing,1,30,30,Winter
439,2023-07-09,C-439,Male,50,Clothing,3,25,75,Summer
440,2023-10-26,C-440,Male,64,Clothing,2,300,600,Fall
441,2023-10-10,C-441,Male,57,Beauty,4,300,1200,Fall
442,2023-03-17,C-442,Female,60,Clothing,4,25,100,Spring
443,2023-08-09,C-443,Male,29,Clothing,2,300,600,Summer
444,2023-03-07,C-444,Female,61,Clothing,3,30,90,Spring
445,2023-01-22,C-445,Female,53,Electronics,1,300,300,Winter
446,2023-06-07,C-446,Male,21,Electronics,1,50,50,Summer
447,2023-07-06,C-447,Male,22,Beauty,4,500,2000,Summer
448,2023-01-21,C-448,Female,54,Beauty,2,30,60,Winter
449,2023-07-03,C-449,Male,25,Electronics,4,50,200,Summer
450,2023-04-18,C-450,Female,59,Beauty,2,25,50,Spring
451,2023-12-16,C-451,Female,45,Electronics,1,30,30,Winter
452,2023-05-08,C-452,Female,48,Clothing,3,500,1500,Spring
453,2023-12-08,C-453,Female,26,Clothing,2,500,1000,Winter
454,2023-02-22,C-454,Female,46,Beauty,1,25,25,Winter
455,2023-07-01,C-455,Male,31,Electronics,4,25,100,Summer
456,2023-10-14,C-456,Male,57,Electronics,2,30,60,Fall
457,2023-07-28,C-457,Female,58,Beauty,3,300,900,Summer
458,2023-11-14,C-458,Female,39,Electronics,4,25,100,Fall
459,2023-03-21,C-459,Male,28,Clothing,4,300,1200,Spring
460,2023-05-02,C-460,Male,40,Beauty,1,50,50,Spring
461,2023-03-25,C-461,Female,18,Beauty,2,500,1000,Spring
462,2023-04-01,C-462,Male,63,Electronics,4,300,1200,Spring
463,2023-07-31,C-463,Female,54,Beauty,3,500,1500,Summer
464,2023-01-13,C-464,Male,38,Electronics,2,300,600,Winter
465,2023-04-02,C-465,Female,43,Electronics,3,50,150,Spring
466,2023-06-20,C-466,Male,63,Electronics,4,25,100,Summer
467,2023-07-30,C-467,Female,53,Electronics,3,50,150,Summer
468,2023-12-09,C-468,Male,40,Electronics,1,25,25,Winter
469,2023-05-08,C-469,Male,18,Beauty,3,25,75,Spring
470,2023-05-17,C-470,Female,57,Clothing,2,500,1000,Spring
471,2023-03-23,C-471,Male,32,Clothing,3,50,150,Spring
472,2023-12-26,C-472,Female,38,Beauty,3,300,900,Winter
473,2023-02-25,C-473,Male,64,Beauty,1,50,50,Winter
474,2023-07-15,C-474,Female,26,Clothing,3,500,1500,Summer
475,2023-01-20,C-475,Male,26,Clothing,3,25,75,Winter
476,2023-08-29,C-476,Female,27,Clothing,4,500,2000,Summer
477,2023-04-24,C-477,Male,43,Clothing,4,30,120,Spring
478,2023-04-13,C-478,Female,58,Clothing,2,30,60,Spring
479,2023-08-24,C-479,Male,52,Electronics,4,300,1200,Summer
480,2023-06-29,C-480,Female,42,Beauty,4,500,2000,Summer
481,2023-06-06,C-481,Female,43,Electronics,4,300,1200,Summer
482,2023-04-27,C-482,Female,28,Clothing,4,300,1200,Spring
483,2023-04-25,C-483,Male,55,Clothing,1,30,30,Spring
484,2023-01-13,C-484,Female,19,Clothing,4,300,1200,Winter
485,2023-12-04,C-485,Male,24,Electronics,1,30,30,Winter
486,2023-04-09,C-486,Female,35,Electronics,1,25,25,Spring
487,2023-07-24,C-487,Male,44,Clothing,4,500,2000,Summer
488,2023-06-18,C-488,Female,51,Electronics,3,300,900,Summer
489,2023-05-23,C-489,Male,44,Electronics,1,30,30,Spring
490,2023-02-05,C-490,Male,34,Clothing,3,50,150,Winter
491,2023-05-23,C-491,Female,60,Electronics,3,300,900,Spring
492,2023-06-29,C-492,Male,61,Beauty,4,25,100,Summer
493,2023-11-25,C-493,Male,41,Beauty,2,25,50,Fall
494,2023-09-18,C-494,Female,42,Beauty,4,50,200,Fall
495,2023-07-24,C-495,Male,24,Beauty,2,30,60,Summer
496,2023-12-14,C-496,Male,23,Clothing,2,300,600,Winter
497,2023-10-02,C-497,Male,41,Clothing,4,30,120,Fall
498,2023-06-19,C-498,Female,50,Clothing,4,25,100,Summer
499,2023-01-15,C-499,Male,46,Beauty,2,30,60,Winter
500,2023-03-01,C-500,Female,60,Beauty,4,25,100,Spring
501,2023-05-14,C-501,Male,39,Electronics,2,30,60,Spring
502,2023-04-02,C-502,Male,43,Electronics,3,50,150,Spring
503,2023-10-25,C-503,Male,45,Beauty,4,500,2000,Fall
504,2023-05-16,C-504,Female,38,Beauty,3,50,150,Spring
505,2023-01-20,C-505,Male,24,Beauty,1,50,50,Winter
506,2023-02-25,C-506,Male,34,Beauty,3,500,1500,Winter
507,2023-11-02,C-507,Female,37,Electronics,3,500,1500,Fall
508,2023-08-11,C-508,Male,58,Beauty,2,300,600,Summer
509,2023-06-26,C-509,Female,37,Electronics,3,300,900,Summer
510,2023-06-10,C-510,Female,39,Beauty,4,50,200,Summer
511,2023-08-12,C-511,Male,45,Beauty,2,50,100,Summer
512,2023-11-07,C-512,Female,57,Beauty,1,25,25,Fall
513,2023-09-19,C-513,Male,24,Electronics,4,25,100,Fall
514,2023-03-01,C-514,Female,18,Electronics,1,300,300,Spring
515,2023-07-17,C-515,Female,49,Clothing,3,300,900,Summer
516,2023-10-23,C-516,Male,30,Beauty,4,25,100,Fall
517,2023-04-08,C-517,Female,47,Clothing,4,25,100,Spring
518,2023-05-11,C-518,Female,40,Clothing,1,30,30,Spring
519,2023-01-23,C-519,Female,36,Electronics,4,30,120,Winter
520,2023-12-29,C-520,Female,49,Electronics,4,25,100,Winter
521,2023-08-12,C-521,Female,47,Clothing,4,30,120,Summer
522,2023-01-01,C-522,Male,46,Beauty,3,500,1500,Winter
523,2023-09-24,C-523,Female,62,Electronics,1,300,300,Fall
524,2023-10-03,C-524,Male,46,Beauty,4,300,1200,Fall
525,2023-12-18,C-525,Female,47,Beauty,2,25,50,Winter
526,2023-12-10,C-526,Male,33,Clothing,2,50,100,Winter
527,2023-04-11,C-527,Male,57,Clothing,2,25,50,Spring
528,2023-07-06,C-528,Female,36,Clothing,2,30,60,Summer
529,2023-08-09,C-529,Female,35,Clothing,3,50,150,Summer
530,2023-02-05,C-530,Female,18,Electronics,4,30,120,Winter
531,2023-12-07,C-531,Male,31,Electronics,1,500,500,Winter
532,2023-06-19,C-532,Female,64,Clothing,4,30,120,Summer
533,2023-11-16,C-533,Male,19,Electronics,3,500,1500,Fall
534,2023-06-10,C-534,Male,45,Clothing,2,500,1000,Summer
535,2023-12-06,C-535,Male,47,Beauty,3,30,90,Winter
536,2023-03-05,C-536,Female,55,Beauty,4,30,120,Spring
537,2023-06-03,C-537,Female,21,Beauty,1,500,500,Summer
538,2023-09-17,C-538,Male,18,Clothing,3,50,150,Fall
539,2023-06-08,C-539,Male,25,Beauty,1,500,500,Summer
540,2023-12-08,C-540,Female,46,Electronics,3,300,900,Winter
541,2023-07-29,C-541,Male,56,Beauty,1,500,500,Summer
542,2023-06-17,C-542,Female,20,Beauty,1,50,50,Summer
543,2023-07-26,C-543,Male,49,Beauty,2,300,600,Summer
544,2023-12-23,C-544,Female,27,Electronics,1,25,25,Winter
545,2023-06-01,C-545,Male,27,Clothing,2,25,50,Summer
546,2023-10-11,C-546,Female,36,Electronics,4,50,200,Fall
547,2023-03-07,C-547,Male,63,Clothing,4,500,2000,Spring
548,2023-04-09,C-548,Female,51,Clothing,2,30,60,Spring
549,2023-08-04,C-549,Female,50,Beauty,2,50,100,Summer
550,2023-12-07,C-550,Male,40,Clothing,3,300,900,Winter
551,2023-07-14,C-551,Male,45,Electronics,3,300,900,Summer
552,2023-12-13,C-552,Female,49,Electronics,3,25,75,Winter
553,2023-03-31,C-553,Male,24,Clothing,4,300,1200,Spring
554,2023-11-12,C-554,Female,46,Beauty,3,50,150,Fall
555,2023-10-19,C-555,Male,25,Beauty,1,300,300,Fall
556,2023-06-04,C-556,Female,18,Electronics,1,50,50,Summer
557,2023-07-27,C-557,Female,20,Beauty,3,30,90,Summer
558,2023-10-08,C-558,Female,41,Clothing,1,25,25,Fall
559,2023-01-01,C-559,Female,40,Clothing,4,300,1200,Winter
560,2023-06-05,C-560,Female,25,Electronics,1,50,50,Summer
561,2023-05-27,C-561,Female,64,Clothing,4,500,2000,Spring
562,2023-04-18,C-562,Male,54,Electronics,2,25,50,Spring
563,2023-08-09,C-563,Male,20,Clothing,2,30,60,Summer
564,2023-10-24,C-564,Male,50,Electronics,2,50,100,Fall
565,2023-11-07,C-565,Female,45,Beauty,2,30,60,Fall
566,2023-12-02,C-566,Female,64,Clothing,1,30,30,Winter
567,2023-06-14,C-567,Female,25,Clothing,3,300,900,Summer
568,2023-08-27,C-568,Female,51,Electronics,1,300,300,Summer
569,2023-08-15,C-569,Male,52,Electronics,4,50,200,Summer
570,2023-08-15,C-570,Male,49,Clothing,1,500,500,Summer
571,2023-12-12,C-571,Female,41,Electronics,1,50,50,Winter
572,2023-04-20,C-572,Male,31,Clothing,4,500,2000,Spring
573,2023-09-19,C-573,Male,49,Beauty,2,30,60,Fall
574,2023-08-31,C-574,Female,63,Electronics,2,25,50,Summer
575,2023-03-28,C-575,Male,60,Clothing,2,50,100,Spring
576,2023-12-04,C-576,Female,33,Beauty,3,50,150,Winter
577,2023-02-13,C-577,Male,21,Beauty,4,500,2000,Winter
578,2023-05-26,C-578,Female,54,Clothing,4,30,120,Spring
579,2023-09-21,C-579,Female,38,Electronics,1,30,30,Fall
580,2023-12-06,C-580,Female,31,Clothing,3,500,1500,Winter
581,2023-11-21,C-581,Female,48,Beauty,2,30,60,Fall
582,2023-11-14,C-582,Male,35,Clothing,3,300,900,Fall
583,2023-06-21,C-583,Female,24,Electronics,4,25,100,Summer
584,2023-02-17,C-584,Female,27,Beauty,4,50,200,Winter
585,2023-05-01,C-585,Female,24,Clothing,1,25,25,Spring
586,2023-12-11,C-586,Male,50,Electronics,1,50,50,Winter
587,2023-06-08,C-587,Female,40,Beauty,4,300,1200,Summer
588,2023-04-26,C-588,Male,38,Electronics,2,30,60,Spring
589,2023-04-12,C-589,Female,36,Beauty,2,500,1000,Spring
590,2023-03-17,C-590,Male,36,Clothing,3,300,900,Spring
591,2023-01-13,C-591,Male,53,Electronics,4,25,100,Winter
592,2023-01-24,C-592,Female,46,Beauty,4,500,2000,Winter
593,2023-05-06,C-593,Male,35,Electronics,2,30,60,Spring
594,2023-09-01,C-594,Female,19,Electronics,2,300,600,Fall
595,2023-11-09,C-595,Female,18,Clothing,4,500,2000,Fall
596,2023-02-07,C-596,Female,64,Electronics,1,300,300,Winter
597,2023-08-22,C-597,Male,22,Beauty,4,300,1200,Summer
598,2023-08-01,C-598,Male,37,Beauty,4,30,120,Summer
599,2023-11-19,C-599,Female,28,Beauty,2,50,100,Fall
600,2023-10-22,C-600,Female,59,Beauty,2,500,1000,Fall
601,2023-04-10,C-601,Male,19,Clothing,1,30,30,Spring
602,2023-12-23,C-602,Female,20,Electronics,1,300,300,Winter
603,2023-07-16,C-603,Female,40,Clothing,3,30,90,Summer
604,2023-09-11,C-604,Female,29,Electronics,4,50,200,Fall
605,2023-07-24,C-605,Male,37,Electronics,2,500,1000,Summer
606,2023-05-05,C-606,Male,22,Electronics,1,50,50,Spring
607,2023-03-17,C-607,Male,54,Clothing,3,25,75,Spring
608,2023-12-02,C-608,Female,55,Electronics,3,500,1500,Winter
609,2023-12-19,C-609,Female,47,Clothing,2,50,100,Winter
610,2023-01-03,C-610,Female,26,Beauty,2,300,600,Winter
611,2023-02-24,C-611,Male,51,Beauty,3,500,1500,Winter
612,2023-08-06,C-612,Female,61,Electronics,1,500,500,Summer
613,2023-04-23,C-613,Female,52,Clothing,3,30,90,Spring
614,2023-04-01,C-614,Female,39,Beauty,4,300,1200,Spring
615,2023-12-23,C-615,Female,61,Clothing,4,25,100,Winter
616,2023-09-23,C-616,Male,41,Clothing,2,50,100,Fall
617,2023-08-26,C-617,Male,34,Electronics,1,30,30,Summer
618,2023-01-26,C-618,Female,27,Beauty,1,50,50,Winter
619,2023-10-13,C-619,Male,47,Electronics,4,25,100,Fall
620,2023-05-08,C-620,Male,63,Electronics,3,25,75,Spring
621,2023-03-04,C-621,Female,40,Beauty,2,500,1000,Spring
622,2023-08-22,C-622,Female,49,Beauty,3,25,75,Summer
623,2023-03-10,C-623,Male,34,Clothing,3,50,150,Spring
624,2023-08-26,C-624,Female,34,Beauty,3,300,900,Summer
625,2023-12-08,C-625,Male,31,Clothing,1,300,300,Winter
626,2023-09-29,C-626,Female,26,Clothing,4,500,2000,Fall
627,2023-10-14,C-627,Male,57,Clothing,1,50,50,Fall
628,2023-11-01,C-628,Female,19,Beauty,4,50,200,Fall
629,2023-06-12,C-629,Male,62,Electronics,2,25,50,Summer
630,2023-08-15,C-630,Male,42,Clothing,2,50,100,Summer
631,2023-11-10,C-631,Male,56,Electronics,3,30,90,Fall
632,2023-09-16,C-632,Female,26,Electronics,4,25,100,Fall
633,2023-08-07,C-633,Male,39,Beauty,4,30,120,Summer
634,2023-10-08,C-634,Male,60,Electronics,4,500,2000,Fall
635,2023-08-17,C-635,Female,63,Electronics,3,300,900,Summer
636,2023-03-23,C-636,Female,21,Beauty,3,500,1500,Spring
637,2023-09-01,C-637,Male,43,Clothing,2,300,600,Fall
638,2023-08-19,C-638,Male,46,Electronics,1,500,500,Summer
639,2023-05-13,C-639,Female,62,Beauty,4,50,200,Spring
640,2023-05-07,C-640,Female,51,Electronics,4,30,120,Spring
641,2023-11-23,C-641,Female,40,Electronics,1,300,300,Fall
642,2023-05-22,C-642,Female,54,Clothing,4,25,100,Spring
643,2023-09-24,C-643,Female,28,Electronics,3,30,90,Fall
644,2023-09-06,C-644,Male,23,Beauty,3,25,75,Fall
645,2023-11-17,C-645,Female,35,Electronics,4,30,120,Fall
646,2023-05-03,C-646,Male,38,Clothing,3,30,90,Spring
647,2023-05-21,C-647,Male,59,Clothing,3,500,1500,Spring
648,2023-08-14,C-648,Male,53,Beauty,4,300,1200,Summer
649,2023-02-09,C-649,Female,58,Clothing,2,300,600,Winter
650,2024-01-01,C-650,Male,55,Electronics,1,30,30,Winter
651,2023-05-27,C-651,Male,51,Clothing,3,50,150,Spring
652,2023-05-01,C-652,Female,34,Beauty,2,50,100,Spring
653,2023-05-20,C-653,Male,54,Clothing,3,25,75,Spring
654,2023-06-21,C-654,Male,42,Clothing,3,25,75,Summer
655,2023-06-13,C-655,Female,55,Clothing,1,500,500,Summer
656,2023-10-04,C-656,Male,29,Beauty,3,30,90,Fall
657,2023-02-11,C-657,Male,40,Clothing,1,25,25,Winter
658,2023-03-12,C-658,Male,59,Clothing,1,25,25,Spring
659,2023-03-19,C-659,Female,39,Electronics,1,30,30,Spring
660,2023-04-29,C-660,Female,38,Beauty,2,500,1000,Spring
661,2023-07-16,C-661,Female,44,Clothing,4,25,100,Summer
662,2023-12-22,C-662,Male,48,Beauty,2,500,1000,Winter
663,2023-03-20,C-663,Male,23,Clothing,4,300,1200,Spring
664,2023-12-28,C-664,Female,44,Clothing,4,500,2000,Winter
665,2023-04-20,C-665,Male,57,Clothing,1,50,50,Spring
666,2023-02-02,C-666,Male,51,Electronics,3,50,150,Winter
667,2023-08-01,C-667,Female,29,Electronics,1,500,500,Summer
668,2023-07-28,C-668,Female,62,Electronics,3,50,150,Summer
669,2023-06-19,C-669,Male,24,Beauty,4,300,1200,Summer
670,2023-10-05,C-670,Male,27,Beauty,1,30,30,Fall
671,2023-08-27,C-671,Male,62,Electronics,3,50,150,Summer
672,2023-08-01,C-672,Female,34,Beauty,2,50,100,Summer
673,2023-02-01,C-673,Female,43,Clothing,3,500,1500,Winter
674,2023-04-16,C-674,Female,38,Clothing,1,300,300,Spring
675,2023-08-04,C-675,Female,45,Clothing,2,30,60,Summer
676,2023-07-19,C-676,Male,63,Electronics,3,500,1500,Summer
677,2023-10-27,C-677,Female,19,Beauty,3,500,1500,Fall
678,2023-12-23,C-678,Female,60,Electronics,3,300,900,Winter
679,2023-01-11,C-679,Female,18,Beauty,3,30,90,Winter
680,2023-10-22,C-680,Female,53,Clothing,3,300,900,Fall
681,2023-07-14,C-681,Female,43,Electronics,2,30,60,Summer
682,2023-09-02,C-682,Male,46,Beauty,4,300,1200,Fall
683,2023-01-04,C-683,Male,38,Beauty,2,500,1000,Winter
684,2023-06-30,C-684,Female,28,Clothing,2,500,1000,Summer
685,2023-06-02,C-685,Male,57,Electronics,2,25,50,Summer
686,2023-07-19,C-686,Female,28,Electronics,4,50,200,Summer
687,2023-08-03,C-687,Female,53,Electronics,1,300,300,Summer
688,2023-10-03,C-688,Male,56,Clothing,4,25,100,Fall
689,2023-10-07,C-689,Male,57,Electronics,2,50,100,Fall
690,2023-11-05,C-690,Female,52,Clothing,3,300,900,Fall
691,2023-04-23,C-691,Female,51,Clothing,3,30,90,Spring
692,2023-09-07,C-692,Female,64,Clothing,2,50,100,Fall
693,2023-04-23,C-693,Male,41,Beauty,3,500,1500,Spring
694,2023-05-20,C-694,Female,39,Electronics,2,25,50,Spring
695,2023-08-12,C-695,Female,22,Electronics,3,50,150,Summer
696,2023-09-06,C-696,Female,50,Clothing,4,50,200,Fall
697,2023-01-15,C-697,Male,53,Clothing,1,500,500,Winter
698,2023-07-19,C-698,Female,64,Electronics,1,300,300,Summer
699,2023-06-22,C-699,Female,37,Clothing,4,30,120,Summer
700,2023-12-09,C-700,Male,36,Electronics,4,500,2000,Winter
701,2023-12-14,C-701,Female,52,Beauty,2,30,60,Winter
702,2023-07-27,C-702,Female,60,Clothing,2,300,600,Summer
703,2023-03-26,C-703,Male,34,Electronics,2,50,100,Spring
704,2023-08-28,C-704,Female,62,Clothing,3,30,90,Summer
705,2023-03-07,C-705,Male,60,Electronics,2,25,50,Spring
706,2023-11-15,C-706,Male,51,Electronics,4,25,100,Fall
707,2023-10-01,C-707,Female,26,Clothing,1,500,500,Fall
708,2023-01-14,C-708,Female,43,Beauty,3,300,900,Winter
709,2023-07-21,C-709,Female,19,Electronics,2,500,1000,Summer
710,2023-10-31,C-710,Female,26,Electronics,3,500,1500,Fall
711,2023-10-16,C-711,Male,26,Electronics,3,500,1500,Fall
712,2023-12-06,C-712,Female,57,Beauty,2,25,50,Winter
713,2023-01-14,C-713,Male,34,Beauty,3,25,75,Winter
714,2023-02-12,C-714,Female,18,Clothing,1,500,500,Winter
715,2023-11-26,C-715,Female,42,Beauty,4,25,100,Fall
716,2023-08-08,C-716,Female,60,Clothing,4,300,1200,Summer
717,2023-03-11,C-717,Male,57,Clothing,1,500,500,Spring
718,2023-08-25,C-718,Female,59,Beauty,3,25,75,Summer
719,2023-04-04,C-719,Female,42,Clothing,2,30,60,Spring
720,2023-01-26,C-720,Female,56,Beauty,3,500,1500,Winter
721,2023-05-14,C-721,Female,52,Clothing,1,500,500,Spring
722,2023-07-14,C-722,Male,20,Beauty,3,300,900,Summer
723,2023-06-17,C-723,Female,54,Beauty,4,50,200,Summer
724,2023-04-19,C-724,Male,61,Clothing,3,50,150,Spring
725,2023-08-21,C-725,Male,61,Electronics,1,300,300,Summer
726,2023-06-17,C-726,Male,47,Clothing,4,300,1200,Summer
727,2023-06-22,C-727,Male,55,Beauty,3,300,900,Summer
728,2023-07-14,C-728,Male,51,Electronics,3,50,150,Summer
729,2023-05-23,C-729,Male,29,Clothing,4,300,1200,Spring
730,2023-08-04,C-730,Female,36,Clothing,2,25,50,Summer
731,2023-05-10,C-731,Male,54,Clothing,4,500,2000,Spring
732,2023-02-11,C-732,Male,61,Electronics,2,500,1000,Winter
733,2023-08-29,C-733,Male,34,Beauty,1,30,30,Summer
734,2023-01-10,C-734,Female,27,Clothing,1,30,30,Winter
735,2023-10-04,C-735,Female,64,Clothing,4,500,2000,Fall
736,2023-01-27,C-736,Male,29,Clothing,4,25,100,Winter
737,2023-06-29,C-737,Female,33,Clothing,1,50,50,Summer
738,2023-04-25,C-738,Male,41,Clothing,2,50,100,Spring
739,2023-11-29,C-739,Male,36,Beauty,1,25,25,Fall
740,2023-02-05,C-740,Female,25,Beauty,4,50,200,Winter
741,2023-11-30,C-741,Male,48,Clothing,1,300,300,Fall
742,2023-01-21,C-742,Female,38,Electronics,4,500,2000,Winter
743,2023-01-16,C-743,Female,34,Beauty,4,500,2000,Winter
744,2023-05-07,C-744,Male,40,Electronics,1,25,25,Spring
745,2023-04-13,C-745,Male,54,Beauty,2,50,100,Spring
746,2023-01-11,C-746,Female,33,Clothing,3,30,90,Winter
747,2023-11-15,C-747,Male,23,Beauty,1,30,30,Fall
748,2023-03-20,C-748,Male,25,Clothing,3,50,150,Spring
749,2023-05-03,C-749,Male,42,Beauty,1,30,30,Spring
750,2023-03-06,C-750,Female,35,Clothing,3,25,75,Spring
751,2023-08-31,C-751,Female,42,Clothing,2,25,50,Summer
752,2023-12-09,C-752,Male,29,Clothing,2,50,100,Winter
753,2023-02-28,C-753,Female,32,Clothing,1,30,30,Winter
754,2023-10-16,C-754,Female,43,Electronics,4,25,100,Fall
755,2023-04-22,C-755,Female,58,Clothing,3,25,75,Spring
756,2023-08-27,C-756,Female,62,Electronics,4,300,1200,Summer
757,2023-12-25,C-757,Female,43,Electronics,4,300,1200,Winter
758,2023-05-12,C-758,Male,64,Clothing,4,25,100,Spring
759,2023-07-08,C-759,Male,49,Electronics,2,50,100,Summer
760,2023-03-27,C-760,Male,27,Beauty,1,500,500,Spring
761,2023-11-07,C-761,Female,33,Clothing,1,500,500,Fall
762,2023-11-07,C-762,Female,24,Electronics,2,25,50,Fall
763,2023-02-28,C-763,Male,34,Clothing,2,25,50,Winter
764,2023-03-25,C-764,Female,40,Clothing,1,25,25,Spring
765,2023-06-09,C-765,Male,43,Clothing,4,50,200,Summer
766,2023-02-25,C-766,Male,38,Electronics,3,300,900,Winter
767,2023-10-24,C-767,Male,39,Beauty,3,25,75,Fall
768,2023-01-14,C-768,Female,24,Beauty,3,25,75,Winter
769,2023-06-09,C-769,Female,31,Electronics,4,30,120,Summer
770,2023-10-22,C-770,Male,32,Clothing,1,50,50,Fall
771,2023-12-13,C-771,Male,24,Electronics,2,25,50,Winter
772,2023-07-12,C-772,Male,26,Electronics,1,30,30,Summer
773,2023-07-23,C-773,Male,25,Electronics,4,500,2000,Summer
774,2023-04-12,C-774,Female,40,Clothing,2,25,50,Spring
775,2023-02-08,C-775,Female,46,Electronics,4,25,100,Winter
776,2023-10-31,C-776,Male,35,Clothing,3,30,90,Fall
777,2023-12-20,C-777,Male,48,Electronics,3,50,150,Winter
778,2023-11-18,C-778,Female,47,Beauty,4,25,100,Fall
779,2023-05-05,C-779,Female,56,Electronics,2,500,1000,Spring
780,2023-02-22,C-780,Male,52,Electronics,2,25,50,Winter
781,2023-12-23,C-781,Male,35,Beauty,1,500,500,Winter
782,2023-06-04,C-782,Male,59,Clothing,3,300,900,Summer
783,2023-12-17,C-783,Female,56,Clothing,1,300,300,Winter
784,2023-11-04,C-784,Female,34,Electronics,1,500,500,Fall
785,2023-03-03,C-785,Female,31,Beauty,4,50,200,Spring
786,2023-10-17,C-786,Male,48,Clothing,4,25,100,Fall
787,2023-01-22,C-787,Male,41,Electronics,1,25,25,Winter
788,2023-06-27,C-788,Female,52,Beauty,3,300,900,Summer
789,2023-09-30,C-789,Female,61,Clothing,4,500,2000,Fall
790,2023-08-08,C-790,Male,62,Clothing,1,25,25,Summer
791,2023-12-05,C-791,Female,51,Beauty,1,25,25,Winter
792,2023-07-09,C-792,Female,20,Beauty,1,50,50,Summer
793,2023-02-05,C-793,Male,54,Beauty,1,30,30,Winter
794,2023-09-17,C-794,Female,60,Beauty,1,300,300,Fall
795,2023-11-28,C-795,Male,57,Electronics,1,300,300,Fall
796,2023-06-24,C-796,Male,43,Beauty,4,30,120,Summer
797,2023-01-07,C-797,Male,40,Clothing,3,25,75,Winter
798,2023-08-04,C-798,Male,61,Clothing,1,50,50,Summer
799,2023-09-08,C-799,Male,56,Electronics,2,50,100,Fall
800,2023-02-24,C-800,Male,32,Clothing,4,300,1200,Winter
801,2023-08-10,C-801,Male,21,Clothing,4,50,200,Summer
802,2023-07-05,C-802,Female,46,Beauty,1,30,30,Summer
803,2023-11-22,C-803,Male,39,Clothing,4,25,100,Fall
804,2023-08-24,C-804,Male,42,Electronics,1,30,30,Summer
805,2023-12-29,C-805,Female,30,Beauty,3,500,1500,Winter
806,2023-03-20,C-806,Female,35,Beauty,3,300,900,Spring
807,2023-08-11,C-807,Female,50,Electronics,4,50,200,Summer
808,2023-04-01,C-808,Male,33,Beauty,4,500,2000,Spring
809,2023-09-25,C-809,Female,62,Beauty,2,50,100,Fall
810,2023-11-30,C-810,Male,59,Electronics,4,25,100,Fall
811,2023-05-19,C-811,Male,61,Beauty,2,25,50,Spring
812,2023-11-12,C-812,Male,19,Electronics,3,25,75,Fall
813,2023-10-03,C-813,Male,52,Electronics,3,50,150,Fall
814,2023-09-05,C-814,Female,59,Clothing,1,500,500,Fall
815,2023-08-27,C-815,Female,51,Clothing,3,25,75,Summer
816,2023-08-12,C-816,Male,47,Beauty,2,500,1000,Summer
817,2023-10-31,C-817,Male,30,Beauty,4,50,200,Fall
818,2023-05-18,C-818,Male,30,Electronics,1,500,500,Spring
819,2023-06-15,C-819,Female,35,Beauty,2,50,100,Summer
820,2023-05-06,C-820,Male,49,Electronics,4,50,200,Spring
821,2023-02-14,C-821,Male,49,Electronics,1,300,300,Winter
822,2023-05-23,C-822,Female,52,Beauty,3,50,150,Spring
823,2023-08-19,C-823,Female,56,Electronics,2,50,100,Summer
824,2023-05-05,C-824,Male,63,Clothing,4,30,120,Spring
825,2023-08-26,C-825,Female,46,Beauty,1,25,25,Summer
826,2023-10-19,C-826,Female,46,Clothing,1,300,300,Fall
827,2023-11-09,C-827,Male,61,Beauty,3,300,900,Fall
828,2023-12-09,C-828,Female,33,Electronics,4,300,1200,Winter
829,2023-07-14,C-829,Male,61,Beauty,3,30,90,Summer
830,2023-06-22,C-830,Female,64,Clothing,3,50,150,Summer
831,2023-01-15,C-831,Male,27,Electronics,4,25,100,Winter
832,2023-09-11,C-832,Male,47,Beauty,4,500,2000,Fall
833,2023-06-16,C-833,Male,42,Beauty,4,50,200,Summer
834,2023-04-04,C-834,Female,56,Beauty,2,30,60,Spring
835,2023-09-07,C-835,Male,37,Clothing,4,50,200,Fall
836,2023-04-19,C-836,Female,22,Clothing,1,50,50,Spring
837,2023-07-01,C-837,Male,18,Beauty,3,30,90,Summer
838,2023-05-13,C-838,Male,47,Electronics,2,300,600,Spring
839,2023-06-24,C-839,Female,20,Electronics,4,300,1200,Summer
840,2023-05-24,C-840,Male,62,Clothing,2,25,50,Spring
841,2023-11-02,C-841,Male,31,Electronics,4,25,100,Fall
842,2023-12-26,C-842,Female,47,Clothing,2,300,600,Winter
843,2023-05-22,C-843,Male,21,Beauty,3,500,1500,Spring
844,2023-10-12,C-844,Male,35,Clothing,3,50,150,Fall
845,2023-01-06,C-845,Male,54,Clothing,1,500,500,Winter
846,2023-09-22,C-846,Male,42,Beauty,1,50,50,Fall
847,2023-04-08,C-847,Female,18,Electronics,4,300,1200,Spring
848,2023-02-13,C-848,Female,63,Clothing,3,25,75,Winter
849,2023-05-04,C-849,Male,32,Clothing,2,25,50,Spring
850,2023-07-28,C-850,Female,26,Beauty,2,500,1000,Summer
851,2023-09-08,C-851,Male,32,Electronics,2,25,50,Fall
852,2023-10-12,C-852,Female,41,Clothing,1,300,300,Fall
853,2023-05-04,C-853,Male,21,Beauty,2,500,1000,Spring
854,2023-12-20,C-854,Male,29,Clothing,1,50,50,Winter
855,2023-09-01,C-855,Male,54,Beauty,1,25,25,Fall
856,2023-11-27,C-856,Male,54,Electronics,4,30,120,Fall
857,2023-12-31,C-857,Male,60,Electronics,2,25,50,Winter
858,2023-09-09,C-858,Male,23,Electronics,2,50,100,Fall
859,2023-08-18,C-859,Female,56,Electronics,3,500,1500,Summer
860,2023-01-09,C-860,Male,63,Clothing,4,50,200,Winter
861,2023-02-17,C-861,Female,41,Clothing,3,30,90,Winter
862,2023-05-31,C-862,Male,28,Electronics,4,300,1200,Spring
863,2023-04-24,C-863,Female,30,Electronics,2,25,50,Spring
864,2023-07-27,C-864,Female,51,Electronics,1,500,500,Summer
865,2023-12-21,C-865,Female,42,Clothing,1,300,300,Winter
866,2023-05-05,C-866,Male,24,Electronics,1,50,50,Spring
867,2023-06-06,C-867,Male,21,Electronics,1,500,500,Summer
868,2023-12-06,C-868,Female,25,Electronics,1,300,300,Winter
869,2023-10-25,C-869,Male,37,Beauty,3,500,1500,Fall
870,2023-07-08,C-870,Female,46,Electronics,4,30,120,Summer
871,2023-08-31,C-871,Male,62,Beauty,2,30,60,Summer
872,2023-10-11,C-872,Female,63,Beauty,3,25,75,Fall
873,2023-09-29,C-873,Female,27,Electronics,4,25,100,Fall
874,2023-06-26,C-874,Male,60,Beauty,1,30,30,Summer
875,2023-08-06,C-875,Female,51,Electronics,4,500,2000,Summer
876,2023-10-09,C-876,Male,43,Clothing,4,30,120,Fall
877,2023-06-19,C-877,Female,58,Clothing,1,25,25,Summer
878,2023-06-30,C-878,Female,20,Clothing,1,30,30,Summer
879,2023-12-26,C-879,Male,23,Clothing,1,30,30,Winter
880,2023-08-21,C-880,Male,22,Beauty,2,500,1000,Summer
881,2023-05-19,C-881,Male,22,Electronics,1,300,300,Spring
882,2023-06-06,C-882,Female,64,Electronics,2,25,50,Summer
883,2023-05-09,C-883,Male,40,Electronics,1,500,500,Spring
884,2023-04-29,C-884,Female,26,Clothing,2,30,60,Spring
885,2023-03-03,C-885,Female,52,Clothing,4,30,120,Spring
886,2023-04-09,C-886,Male,37,Electronics,3,300,900,Spring
887,2023-06-11,C-887,Male,59,Clothing,4,25,100,Summer
888,2023-03-03,C-888,Female,52,Electronics,4,25,100,Spring
889,2023-10-02,C-889,Female,35,Electronics,1,50,50,Fall
890,2023-12-20,C-890,Male,34,Electronics,2,25,50,Winter
891,2023-04-05,C-891,Male,41,Electronics,3,300,900,Spring
892,2023-04-09,C-892,Male,20,Electronics,1,50,50,Spring
893,2023-04-21,C-893,Male,49,Electronics,1,50,50,Spring
894,2023-09-05,C-894,Male,52,Electronics,1,30,30,Fall
895,2023-05-22,C-895,Female,55,Clothing,4,30,120,Spring
896,2023-10-29,C-896,Female,30,Electronics,2,25,50,Fall
897,2023-09-26,C-897,Female,64,Electronics,2,50,100,Fall
898,2023-11-02,C-898,Female,42,Clothing,3,30,90,Fall
899,2023-05-25,C-899,Male,26,Clothing,2,300,600,Spring
900,2023-02-21,C-900,Male,21,Clothing,2,30,60,Winter
901,2023-04-10,C-901,Male,31,Electronics,1,30,30,Spring
902,2023-06-01,C-902,Female,54,Beauty,1,50,50,Summer
903,2023-04-27,C-903,Female,51,Beauty,4,50,200,Spring
904,2023-07-04,C-904,Male,28,Clothing,1,500,500,Summer
905,2023-04-02,C-905,Male,58,Beauty,1,300,300,Spring
906,2023-06-04,C-906,Female,20,Clothing,1,50,50,Summer
907,2023-01-08,C-907,Female,45,Electronics,1,25,25,Winter
908,2023-12-29,C-908,Male,46,Beauty,4,300,1200,Winter
909,2023-10-01,C-909,Male,26,Electronics,1,300,300,Fall
910,2023-03-06,C-910,Female,20,Beauty,3,50,150,Spring
911,2023-05-21,C-911,Male,42,Electronics,3,300,900,Spring
912,2023-01-24,C-912,Male,51,Beauty,3,50,150,Winter
913,2023-01-28,C-913,Male,29,Electronics,3,30,90,Winter
914,2023-10-11,C-914,Female,59,Electronics,1,500,500,Fall
915,2023-05-30,C-915,Female,26,Beauty,3,30,90,Spring
916,2023-12-24,C-916,Female,32,Electronics,1,50,50,Winter
917,2023-03-06,C-917,Female,57,Electronics,4,50,200,Spring
918,2023-11-23,C-918,Female,42,Electronics,3,30,90,Fall
919,2023-09-09,C-919,Female,22,Beauty,2,25,50,Fall
920,2023-02-22,C-920,Female,28,Beauty,3,25,75,Winter
921,2023-01-07,C-921,Male,51,Electronics,3,25,75,Winter
922,2023-10-21,C-922,Male,41,Electronics,1,50,50,Fall
923,2023-05-26,C-923,Male,32,Beauty,3,300,900,Spring
924,2023-08-29,C-924,Male,55,Beauty,2,50,100,Summer
925,2023-09-03,C-925,Male,25,Electronics,1,300,300,Fall
926,2023-08-14,C-926,Male,22,Electronics,1,30,30,Summer
927,2023-06-24,C-927,Male,43,Electronics,4,500,2000,Summer
928,2023-04-05,C-928,Female,35,Clothing,4,300,1200,Spring
929,2023-01-27,C-929,Female,23,Beauty,3,25,75,Winter
930,2023-05-10,C-930,Male,54,Clothing,4,50,200,Spring
931,2023-09-02,C-931,Male,30,Beauty,4,30,120,Fall
932,2023-02-28,C-932,Female,45,Beauty,4,25,100,Winter
933,2023-02-03,C-933,Male,22,Beauty,1,30,30,Winter
934,2023-07-25,C-934,Male,30,Beauty,1,500,500,Summer
935,2023-09-09,C-935,Female,34,Beauty,1,50,50,Fall
936,2023-02-07,C-936,Male,57,Beauty,4,50,200,Winter
937,2023-10-23,C-937,Female,62,Beauty,1,500,500,Fall
938,2023-11-19,C-938,Male,49,Clothing,4,50,200,Fall
939,2023-12-18,C-939,Female,46,Electronics,1,300,300,Winter
940,2023-01-28,C-940,Female,20,Electronics,1,30,30,Winter
941,2023-03-19,C-941,Female,57,Clothing,2,25,50,Spring
942,2023-03-18,C-942,Male,51,Clothing,3,500,1500,Spring
943,2023-10-16,C-943,Female,57,Clothing,4,300,1200,Fall
944,2023-06-05,C-944,Male,44,Clothing,2,25,50,Summer
945,2023-02-13,C-945,Male,30,Beauty,1,25,25,Winter
946,2023-05-08,C-946,Male,62,Electronics,4,500,2000,Spring
947,2023-03-02,C-947,Male,50,Beauty,1,300,300,Spring
948,2023-10-13,C-948,Female,23,Electronics,3,25,75,Fall
949,2023-08-02,C-949,Female,41,Electronics,2,25,50,Summer
950,2023-11-07,C-950,Male,36,Clothing,3,300,900,Fall
951,2023-11-02,C-951,Male,33,Beauty,2,50,100,Fall
952,2023-11-13,C-952,Female,57,Clothing,1,25,25,Fall
953,2023-04-26,C-953,Male,45,Beauty,3,30,90,Spring
954,2023-09-25,C-954,Female,50,Electronics,3,300,900,Fall
955,2023-07-14,C-955,Male,58,Clothing,1,25,25,Summer
956,2023-08-19,C-956,Male,30,Clothing,3,500,1500,Summer
957,2023-08-15,C-957,Female,60,Electronics,4,30,120,Summer
958,2023-06-02,C-958,Male,62,Electronics,2,25,50,Summer
959,2023-10-29,C-959,Female,42,Electronics,2,30,60,Fall
960,2023-08-08,C-960,Male,59,Clothing,2,30,60,Summer
961,2023-06-06,C-961,Male,53,Beauty,4,50,200,Summer
962,2023-10-19,C-962,Male,44,Clothing,2,30,60,Fall
963,2023-11-14,C-963,Female,55,Beauty,1,50,50,Fall
964,2023-01-31,C-964,Male,24,Clothing,3,300,900,Winter
965,2023-11-09,C-965,Male,22,Clothing,4,50,200,Fall
966,2023-02-20,C-966,Male,60,Electronics,2,500,1000,Winter
967,2023-04-17,C-967,Male,62,Beauty,1,25,25,Spring
968,2023-11-17,C-968,Female,48,Clothing,3,300,900,Fall
969,2023-04-19,C-969,Female,40,Clothing,3,300,900,Spring
970,2023-05-16,C-970,Male,59,Electronics,4,500,2000,Spring
971,2023-12-05,C-971,Female,27,Electronics,4,50,200,Winter
972,2023-02-11,C-972,Male,49,Beauty,4,25,100,Winter
973,2023-03-22,C-973,Male,60,Clothing,1,50,50,Spring
974,2023-05-03,C-974,Male,47,Beauty,1,30,30,Spring
975,2023-03-30,C-975,Female,56,Clothing,4,50,200,Spring
976,2023-10-10,C-976,Female,48,Beauty,2,300,600,Fall
977,2023-02-08,C-977,Female,35,Electronics,3,25,75,Winter
978,2023-03-22,C-978,Female,53,Clothing,3,50,150,Spring
979,2023-01-02,C-979,Female,19,Beauty,1,25,25,Winter
980,2023-07-29,C-980,Female,31,Electronics,3,25,75,Summer
981,2023-08-19,C-981,Female,30,Electronics,2,30,60,Summer
982,2023-12-19,C-982,Female,46,Beauty,3,30,90,Winter
983,2023-11-01,C-983,Female,29,Clothing,1,300,300,Fall
984,2023-08-29,C-984,Male,56,Clothing,1,500,500,Summer
985,2023-05-30,C-985,Female,19,Electronics,2,25,50,Spring
986,2023-01-17,C-986,Female,49,Clothing,2,500,1000,Winter
987,2023-04-29,C-987,Female,30,Clothing,3,300,900,Spring
988,2023-05-28,C-988,Female,63,Clothing,3,25,75,Spring
989,2023-12-28,C-989,Female,44,Electronics,1,25,25,Winter
990,2023-05-25,C-990,Female,58,Beauty,2,500,1000,Spring
991,2023-12-26,C-991,Female,34,Clothing,2,50,100,Winter
992,2023-08-21,C-992,Female,57,Electronics,2,30,60,Summer
993,2023-02-06,C-993,Female,48,Electronics,3,50,150,Winter
994,2023-12-18,C-994,Female,51,Beauty,2,500,1000,Winter
995,2023-04-30,C-995,Female,41,Clothing,1,30,30,Spring
996,2023-05-16,C-996,Male,62,Clothing,1,50,50,Spring
997,2023-11-17,C-997,Male,52,Beauty,3,30,90,Fall
998,2023-10-29,C-998,Female,23,Beauty,4,25,100,Fall
999,2023-12-05,C-999,Female,36,Electronics,3,50,150,Winter
1000,2023-04-12,C-1000,Male,47,Electronics,4,30,120,Spring
